chamber,icpsr,district,state,party,name,congress_id,NOMINATE_dim1,NOMINATE_dim2
House,20300,1,AL,200,"BONNER, Jr., Josiah Robins (Jo)",B001244,0.367,0.513
House,20301,3,AL,200,"ROGERS, Mike Dennis",R000575,0.363,0.455
House,21102,7,AL,100,"SEWELL, Terri",S001185,-0.396,0.398
House,21192,2,AL,200,"ROBY, Martha",R000591,0.362,0.658
House,21193,5,AL,200,"BROOKS, Mo",B001274,0.652,-0.417
House,29301,6,AL,200,"BACHUS, Spencer T., III",B000013,0.387,0.228
House,29701,4,AL,200,"ADERHOLT, Robert",A000055,0.386,0.561
House,14066,1,AK,200,"YOUNG, Donald Edwin",Y000033,0.28300000000000003,0.022
House,20304,8,AZ,200,"FRANKS, Trent",F000448,0.749,0.08700000000000001
House,20305,3,AZ,100,"GRIJALVA, Raúl M.",G000551,-0.598,-0.256
House,20902,1,AZ,100,"KIRKPATRICK, Ann",K000368,-0.169,-0.01
House,21103,4,AZ,200,"GOSAR, Paul",G000565,0.6990000000000001,-0.486
House,21105,6,AZ,200,"SCHWEIKERT, David",S001183,0.5710000000000001,-0.281
House,21199,2,AZ,100,"BARBER, Ron",B001279,-0.123,0.001
House,21300,9,AZ,100,"SINEMA, Kyrsten",S001191,-0.105,0.076
House,29101,7,AZ,100,"PASTOR, Ed",P000099,-0.421,0.12
House,29500,5,AZ,200,"SALMON, Matthew James",S000018,0.673,-0.272
House,21106,1,AR,200,"CRAWFORD, Rick",C001087,0.445,0.40900000000000003
House,21107,2,AR,200,"GRIFFIN, Tim",G000567,0.41000000000000003,0.421
House,21108,3,AR,200,"WOMACK, Steve",W000809,0.352,0.582
House,21301,4,AR,200,"COTTON, Tom",C001095,0.599,0.154
House,14256,11,CA,100,"MILLER, George",M000725,-0.552,-0.398
House,14280,33,CA,100,"WAXMAN, Henry Arnold",W000215,-0.47300000000000003,-0.343
House,15448,12,CA,100,"PELOSI, Nancy",P000197,-0.49,-0.202
House,15621,48,CA,200,"ROHRABACHER, Dana",R000409,0.626,-0.417
House,20103,17,CA,100,"HONDA, Mike",H001034,-0.529,-0.482
House,20104,28,CA,100,"SCHIFF, Adam",S001150,-0.35000000000000003,-0.134
House,20107,49,CA,200,"ISSA, Darrell",I000056,0.49,-0.021
House,20108,53,CA,100,"DAVIS, Susan A.",D000598,-0.343,-0.10300000000000001
House,20307,22,CA,200,"NUNES, Devin",N000181,0.45,0.223
House,20310,38,CA,100,"SÁNCHEZ, Linda T.",S001156,-0.508,-0.139
House,20501,16,CA,100,"COSTA, Jim",C001059,-0.195,0.457
House,20538,6,CA,100,"MATSUI, Doris",M001163,-0.435,-0.152
House,20539,45,CA,200,"CAMPBELL, John (of California)",C001064,0.748,-0.41500000000000004
House,20702,9,CA,100,"McNERNEY, Jerry",M001166,-0.263,-0.159
House,20703,23,CA,200,"MCCARTHY, Kevin",M001165,0.456,0.222
House,20762,14,CA,100,"SPEIER, Karen Lorraine Jacqueline (Jackie)",S001175,-0.381,-0.41000000000000003
House,20903,4,CA,200,"McCLINTOCK, Tom",M001177,0.687,-0.399
House,20955,27,CA,100,"CHU, Judy",C001080,-0.488,-0.374
House,20958,3,CA,100,"GARAMENDI, John",G000559,-0.309,-0.095
House,20963,50,CA,200,"HUNTER, Duncan Duane",H001048,0.539,0.085
House,21109,10,CA,200,"DENHAM, Jeff",D000612,0.306,0.212
House,21110,37,CA,100,"BASS, Karen",B001270,-0.584,-0.098
House,21195,44,CA,100,"HAHN, Janice",H001063,-0.39,-0.376
House,21302,1,CA,200,"LaMALFA, Doug",L000578,0.534,0.04
House,21303,2,CA,100,"HUFFMAN, Jared",H001068,-0.43,-0.558
House,21304,7,CA,100,"BERA, Ami",B001287,-0.23800000000000002,0.013000000000000001
House,21305,8,CA,200,"COOK, Paul",C001094,0.372,0.20800000000000002
House,21306,15,CA,100,"SWALWELL, Eric",S001193,-0.362,-0.083
House,21307,21,CA,200,"VALADAO, David G.",V000129,0.267,0.386
House,21308,26,CA,100,"BROWNLEY, Julia",B001285,-0.291,0.049
House,21309,29,CA,100,"CÁRDENAS, Tony",C001097,-0.39,0.005
House,21310,35,CA,100,"NEGRETE McLEOD, Gloria",N000187,-0.437,0.035
House,21311,36,CA,100,"RUIZ, Raul",R000599,-0.249,0.05
House,21312,41,CA,100,"TAKANO, Mark",T000472,-0.464,-0.273
House,21313,47,CA,100,"LOWENTHAL, Alan",L000579,-0.449,-0.384
House,21314,51,CA,100,"VARGAS, Juan",V000130,-0.403,0.06
House,21315,52,CA,100,"PETERS, Scott",P000608,-0.186,-0.032
House,29106,43,CA,100,"WATERS, Maxine",W000187,-0.656,-0.075
House,29312,18,CA,100,"ESHOO, Anna Georges",E000215,-0.38,-0.404
House,29313,20,CA,100,"FARR, Sam",F000030,-0.455,-0.219
House,29315,25,CA,200,"McKEON, Howard P. (Buck)",M000508,0.396,0.20800000000000002
House,29316,34,CA,100,"BECERRA, Xavier",B000287,-0.512,-0.28300000000000003
House,29317,40,CA,100,"ROYBAL-ALLARD, Lucille",R000486,-0.46900000000000003,-0.171
House,29321,39,CA,200,"ROYCE, Edward Randall",R000487,0.657,-0.353
House,29323,42,CA,200,"CALVERT, Ken",C000059,0.34900000000000003,0.232
House,29504,19,CA,100,"LOFGREN, Zoe",L000397,-0.4,-0.428
House,29707,30,CA,100,"SHERMAN, Brad",S000344,-0.34400000000000003,-0.14400000000000002
House,29709,46,CA,100,"SANCHEZ, Loretta",S000030,-0.367,0.025
House,29774,24,CA,100,"CAPPS, Lois",C001036,-0.389,-0.227
House,29778,13,CA,100,"LEE, Barbara",L000551,-0.677,-0.5720000000000001
House,29901,5,CA,100,"THOMPSON, Michael",T000460,-0.393,0.069
House,29903,32,CA,100,"NAPOLITANO, Grace Flores",N000179,-0.448,-0.246
House,29905,31,CA,200,"MILLER, Gary G.",M001139,0.47800000000000004,0.222
House,20704,5,CO,200,"LAMBORN, Doug",L000564,0.666,0.23800000000000002
House,20705,7,CO,100,"PERLMUTTER, Ed",P000593,-0.28200000000000003,0.07200000000000001
House,20904,2,CO,100,"POLIS, Jared",P000598,-0.278,-0.6920000000000001
House,20906,6,CO,200,"COFFMAN, Mike",C001077,0.492,-0.213
House,21111,3,CO,200,"TIPTON, Scott",T000470,0.451,-0.023
House,21112,4,CO,200,"GARDNER, Cory",G000562,0.444,-0.029
House,29710,1,CO,100,"DeGETTE, Diana",D000197,-0.431,-0.305
House,20706,2,CT,100,"COURTNEY, Joe",C001069,-0.342,0.024
House,20907,4,CT,100,"HIMES, James A.",H001047,-0.23900000000000002,-0.229
House,21316,5,CT,100,"ESTY, Elizabeth",E000293,-0.315,-0.078
House,29109,3,CT,100,"DeLAURO, Rosa L.",D000216,-0.41400000000000003,-0.115
House,29908,1,CT,100,"LARSON, John B.",L000557,-0.396,-0.048
House,21113,1,DE,100,"CARNEY, John C., Jr.",C001083,-0.256,-0.14200000000000002
House,13047,13,FL,200,"YOUNG, Charles William (Bill)",Y000031,0.325,-0.112
House,15634,27,FL,200,"ROS-LEHTINEN, Ileana",R000435,0.244,-0.225
House,20110,1,FL,200,"MILLER, Jefferson B. (Jeff)",M001144,0.633,0.155
House,20111,4,FL,200,"CRENSHAW, Ander",C001045,0.333,0.337
House,20316,25,FL,200,"DIAZ-BALART, Mario",D000600,0.28600000000000003,0.129
House,20504,23,FL,100,"WASSERMAN SCHULTZ, Debbie",W000797,-0.418,0.081
House,20708,14,FL,100,"CASTOR, Kathy",C001066,-0.438,0.054
House,20709,16,FL,200,"BUCHANAN, Vernon G.",B001260,0.362,-0.10300000000000001
House,20758,12,FL,200,"BILIRAKIS, Gus",B001257,0.41000000000000003,0.009000000000000001
House,20908,9,FL,100,"GRAYSON, Alan",G000556,-0.363,-0.457
House,20909,8,FL,200,"POSEY, Bill",P000599,0.527,-0.34900000000000003
House,20910,17,FL,200,"ROONEY, Thomas J.",R000583,0.458,0.013000000000000001
House,20959,21,FL,100,"DEUTCH, Theodore E. (Ted)",D000610,-0.401,-0.078
House,21114,2,FL,200,"SOUTHERLAND, Steve",S001186,0.56,0.063
House,21115,11,FL,200,"NUGENT, Richard",N000185,0.483,0.077
House,21116,10,FL,200,"WEBSTER, Daniel A.",W000806,0.527,-0.098
House,21117,15,FL,200,"ROSS, Dennis",R000593,0.531,0.099
House,21118,24,FL,100,"WILSON, Frederica",W000808,-0.48,-0.011
House,21317,3,FL,200,"YOHO, Ted",Y000065,0.704,-0.365
House,21318,6,FL,200,"DeSANTIS, Ron",D000621,0.663,-0.105
House,21319,18,FL,100,"MURPHY, Patrick",M001191,-0.186,-0.026000000000000002
House,21320,19,FL,200,"RADEL, Trey",R000596,0.7020000000000001,-0.25
House,21321,22,FL,100,"FRANKEL, Lois",F000462,-0.402,-0.064
House,21322,26,FL,100,"GARCIA, Joe",G000573,-0.20400000000000001,0.032
House,29328,5,FL,100,"BROWN, Corrine",B000911,-0.429,0.192
House,29331,7,FL,200,"MICA, John L.",M000689,0.453,0.137
House,29337,20,FL,100,"HASTINGS, Alcee Lamar",H000324,-0.5640000000000001,0.157
House,15431,5,GA,100,"LEWIS, John R.",L000287,-0.589,-0.221
House,20319,11,GA,200,"GINGREY, Phil",G000550,0.561,0.272
House,20321,13,GA,100,"SCOTT, David",S001157,-0.304,0.165
House,20505,6,GA,200,"PRICE, Tom",P000591,0.644,-0.073
House,20506,3,GA,200,"WESTMORELAND, Lynn A.",W000796,0.672,0.189
House,20507,12,GA,100,"BARROW, John",B001252,-0.11900000000000001,0.46
House,20712,4,GA,100,"JOHNSON, Hank",J000288,-0.47000000000000003,-0.01
House,20753,10,GA,200,"BROUN, Paul C., Jr.",B001262,0.913,-0.40800000000000003
House,20962,14,GA,200,"GRAVES, Tom",G000560,0.716,-0.002
House,21122,7,GA,200,"WOODALL, Rob",W000810,0.593,-0.17300000000000001
House,21123,8,GA,200,"SCOTT, Austin",S001189,0.558,0.23800000000000002
House,21323,9,GA,200,"COLLINS, Doug",C001093,0.61,0.134
House,29338,1,GA,200,"KINGSTON, Jack",K000220,0.54,0.302
House,29339,2,GA,100,"BISHOP, Sanford Dixon, Jr.",B000490,-0.28400000000000003,0.455
House,21124,1,HI,100,"HANABUSA, Colleen",H001050,-0.37,0.004
House,21324,2,HI,100,"GABBARD, Tulsi",G000571,-0.274,-0.28200000000000003
House,21125,1,ID,200,"LABRADOR, Raúl R.",L000573,0.735,-0.5710000000000001
House,29910,2,ID,200,"SIMPSON, Michael K.",S001148,0.301,0.29
House,20508,3,IL,100,"LIPINSKI, Daniel",L000563,-0.227,0.176
House,20715,6,IL,200,"ROSKAM, Peter",R000580,0.429,0.018000000000000002
House,20749,11,IL,100,"FOSTER, Bill",F000454,-0.232,-0.214
House,20914,18,IL,200,"SCHOCK, Aaron",S001179,0.311,0.185
House,20954,5,IL,100,"QUIGLEY, Mike",Q000023,-0.323,-0.261
House,21128,16,IL,200,"KINZINGER, Adam",K000378,0.234,0.382
House,21129,14,IL,200,"HULTGREN, Randy",H001059,0.49,-0.034
House,21325,8,IL,100,"DUCKWORTH, Tammy",D000622,-0.336,0.093
House,21326,10,IL,100,"SCHNEIDER, Brad",S001190,-0.185,-0.15
House,21327,12,IL,100,"ENYART, Bill",E000292,-0.251,0.159
House,21328,13,IL,200,"DAVIS, Rodney",D000619,0.279,0.17
House,21329,17,IL,100,"BUSTOS, Cheri",B001286,-0.23900000000000002,0.054
House,29346,1,IL,100,"RUSH, Bobby L.",R000515,-0.47900000000000004,-0.203
House,29348,4,IL,100,"GUTIÉRREZ, Luis V.",G000535,-0.487,-0.26
House,29717,7,IL,100,"DAVIS, Danny K.",D000096,-0.486,-0.263
House,29718,15,IL,200,"SHIMKUS, John M.",S000364,0.375,0.154
House,29911,9,IL,100,"SCHAKOWSKY, Janice D.",S001145,-0.603,-0.272
House,15124,1,IN,100,"VISCLOSKY, Peter",V000108,-0.402,0.244
House,20757,7,IN,100,"CARSON, André",C001072,-0.428,0.049
House,21100,3,IN,200,"STUTZMAN, Marlin",S001188,0.742,-0.11900000000000001
House,21131,4,IN,200,"ROKITA, Todd",R000592,0.602,-0.16
House,21132,8,IN,200,"BUCSHON, Larry",B001275,0.40800000000000003,0.269
House,21133,9,IN,200,"YOUNG, Todd",Y000064,0.449,-0.052000000000000005
House,21330,2,IN,200,"WALORSKI, Jackie",W000813,0.436,0.315
House,21331,5,IN,200,"BROOKS, Susan",B001284,0.352,0.217
House,21332,6,IN,200,"MESSER, Luke",M001189,0.5630000000000001,-0.08600000000000001
House,20325,4,IA,200,"KING, Steve",K000362,0.613,0.171
House,20719,1,IA,100,"BRALEY, Bruce",B001259,-0.31,-0.20500000000000002
House,20720,2,IA,100,"LOEBSACK, Dave",L000565,-0.276,-0.027
House,29522,3,IA,200,"LATHAM, Thomas",L000111,0.302,0.308
House,20915,2,KS,200,"JENKINS, Lynn",J000290,0.523,0.004
House,21134,1,KS,200,"HUELSKAMP, Tim",H001057,0.744,-0.466
House,21135,3,KS,200,"YODER, Kevin",Y000063,0.558,0.03
House,21136,4,KS,200,"POMPEO, Mike",P000602,0.66,0.164
House,14854,5,KY,200,"ROGERS, Harold Dallas (Hal)",R000395,0.339,0.124
House,20723,3,KY,100,"YARMUTH, John",Y000062,-0.378,-0.275
House,20916,2,KY,200,"GUTHRIE, Brett",G000558,0.418,0.296
House,21333,6,KY,200,"BARR, Garland H. (Andy) IV",B001282,0.47600000000000003,0.34
House,29525,1,KY,200,"WHITFIELD, Wayne Edward (Ed)",W000413,0.303,0.182
House,31102,4,KY,200,"MASSIE, Thomas",M001184,0.678,-0.735
House,20514,3,LA,200,"BOUSTANY, Charles W.",B001255,0.392,0.308
House,20759,1,LA,200,"SCALISE, Steve",S001176,0.555,0.169
House,20918,4,LA,200,"FLEMING, John",F000456,0.59,0.022
House,20919,6,LA,200,"CASSIDY, Bill",C001075,0.46900000000000003,-0.065
House,21137,2,LA,100,"RICHMOND, Cedric",R000588,-0.486,0.332
House,90327,5,LA,200,"ALEXANDER, Rodney",A000361,0.331,0.40800000000000003
House,20328,2,ME,100,"MICHAUD, Michael H.",M001149,-0.28300000000000003,-0.07100000000000001
House,20920,1,ME,100,"PINGREE, Chellie",P000597,-0.42,-0.369
House,14873,5,MD,100,"HOYER, Steny Hamilton",H000874,-0.381,0.11900000000000001
House,20329,2,MD,100,"RUPPERSBERGER, C. A. (Dutch)",R000576,-0.296,0.129
House,20330,8,MD,100,"VAN HOLLEN, Christopher",V000128,-0.392,-0.209
House,20724,3,MD,100,"SARBANES, John",S001168,-0.467,-0.07100000000000001
House,20763,4,MD,100,"EDWARDS, Donna F.",E000290,-0.562,-0.294
House,21139,1,MD,200,"HARRIS, Andy",H001052,0.673,-0.396
House,21334,6,MD,100,"DELANEY, John",D000620,-0.276,0.041
House,29587,7,MD,100,"CUMMINGS, Elijah Eugene",C000984,-0.438,-0.148
House,14435,5,MA,100,"MARKEY, Edward John",M000133,-0.514,-0.462
House,15616,1,MA,100,"NEAL, Richard Edmund",N000015,-0.417,-0.108
House,20119,8,MA,100,"LYNCH, Stephen F.",L000562,-0.34900000000000003,0.037
House,20754,3,MA,100,"TSONGAS, Nicola S. (Niki)",T000465,-0.396,-0.199
House,21140,9,MA,100,"KEATING, William R.",K000375,-0.332,-0.116
House,21335,4,MA,100,"KENNEDY, Joseph P. III",K000379,-0.421,-0.20600000000000002
House,29729,2,MA,100,"McGOVERN, James P.",M000312,-0.538,-0.318
House,29730,6,MA,100,"TIERNEY, John F.",T000266,-0.488,-0.433
House,29919,7,MA,100,"CAPUANO, Michael Everett",C001037,-0.58,-0.082
House,2605,12,MI,100,"DINGELL, John David, Jr.",D000355,-0.448,0.313
House,10713,13,MI,100,"CONYERS, John, Jr.",C000714,-0.658,-0.512
House,15033,9,MI,100,"LEVIN, Sander Martin",L000263,-0.379,-0.091
House,15446,6,MI,200,"UPTON, Frederick Stephen",U000031,0.32,-0.355
House,20120,8,MI,200,"ROGERS, Mike",R000572,0.4,0.098
House,20331,10,MI,200,"MILLER, Candice S.",M001150,0.343,-0.001
House,20725,7,MI,200,"WALBERG, Tim",W000798,0.508,0.116
House,20923,14,MI,100,"PETERS, Gary C.",P000595,-0.246,-0.185
House,21141,1,MI,200,"BENISHEK, Dan",B001271,0.491,-0.15
House,21142,2,MI,200,"HUIZENGA, Bill",H001058,0.55,0.002
House,21143,3,MI,200,"AMASH, Justin",A000367,0.654,-0.757
House,21336,11,MI,200,"BENTIVOLIO, Kerry",B001280,0.723,-0.319
House,21372,5,MI,100,"KILDEE, Dan",K000380,-0.374,-0.17300000000000001
House,29124,4,MI,200,"CAMP, David Lee",C000071,0.385,-0.048
House,14263,8,MN,100,"NOLAN, Richard Michael",N000127,-0.372,-0.372
House,20122,4,MN,100,"McCOLLUM, Betty",M001143,-0.417,-0.187
House,20333,2,MN,200,"KLINE, John",K000363,0.49,0.154
House,20726,1,MN,100,"WALZ, Tim",W000799,-0.275,0.131
House,20727,5,MN,100,"ELLISON, Keith",E000288,-0.537,-0.58
House,20728,6,MN,200,"BACHMANN, Michele",B001256,0.584,-0.03
House,20924,3,MN,200,"PAULSEN, Erik",P000594,0.402,-0.191
House,29127,7,MN,100,"PETERSON, Collin Clark",P000258,-0.148,0.712
House,20925,3,MS,200,"HARPER, Gregg",H001045,0.384,0.48
House,21147,1,MS,200,"NUNNELEE, Alan",N000186,0.488,0.5740000000000001
House,21148,4,MS,200,"PALAZZO, Steven",P000601,0.535,0.45
House,29368,2,MS,100,"THOMPSON, Bennie",T000193,-0.517,0.395
House,20124,6,MO,200,"GRAVES, Samuel",G000546,0.438,0.20400000000000001
House,20147,1,MO,100,"CLAY, William Lacy, Jr.",C001049,-0.481,-0.078
House,20517,5,MO,100,"CLEAVER, Emanuel, II",C001061,-0.453,0.016
House,20926,3,MO,200,"LUETKEMEYER, Blaine",L000569,0.444,0.266
House,21149,4,MO,200,"HARTZLER, Vicky",H001053,0.47800000000000004,0.229
House,21150,7,MO,200,"LONG, Billy",L000576,0.544,0.244
House,21337,2,MO,200,"WAGNER, Ann",W000812,0.41600000000000004,0.189
House,29736,8,MO,200,"EMERSON, Jo Ann",E000172,0.269,0.274
House,21338,1,MT,200,"DAINES, Steve",D000618,0.585,-0.039
House,20518,1,NE,200,"FORTENBERRY, Jeff",F000449,0.304,-0.061
House,20729,3,NE,200,"SMITH, Adrian",S001172,0.515,0.226
House,29921,2,NE,200,"TERRY, Lee Raymond",T000459,0.426,-0.067
House,20927,1,NV,100,"TITUS, Alice (Dina)",T000468,-0.301,-0.201
House,21151,3,NV,200,"HECK, Joe",H001055,0.324,0.014
House,21196,2,NV,200,"AMODEI, Mark E.",A000369,0.384,0.201
House,21339,4,NV,100,"HORSFORD, Steven",H001066,-0.34700000000000003,0.124
House,20731,1,NH,100,"SHEA-PORTER, Carol",S001170,-0.315,-0.131
House,21340,2,NH,100,"KUSTER, Ann McLane",K000382,-0.26,-0.101
House,14863,4,NJ,200,"SMITH, Christopher Henry",S000522,0.17300000000000001,-0.163
House,15454,6,NJ,100,"PALLONE, Frank, Jr.",P000034,-0.405,-0.17300000000000001
House,20336,5,NJ,200,"GARRETT, Scott",G000548,0.6880000000000001,-0.243
House,20542,8,NJ,100,"SIRES, Albio",S001165,-0.404,0.098
House,20929,7,NJ,200,"LANCE, Leonard",L000567,0.329,-0.23700000000000002
House,21153,3,NJ,200,"RUNYAN, Jon",R000594,0.222,0.089
House,29132,1,NJ,100,"ANDREWS, Robert Ernest",A000210,-0.297,-0.11900000000000001
House,29539,2,NJ,200,"LoBIONDO, Frank A.",L000554,0.211,-0.224
House,29541,11,NJ,200,"FRELINGHUYSEN, Rodney P.",F000372,0.292,-0.262
House,29741,9,NJ,100,"PASCRELL, William J., Jr.",P000096,-0.368,-0.008
House,29923,12,NJ,100,"HOLT, Rush",H001032,-0.463,-0.33
House,31103,10,NJ,100,"PAYNE, Donald, Jr.",P000604,-0.521,-0.10200000000000001
House,20337,2,NM,200,"PEARCE, Stevan",P000588,0.47200000000000003,0.064
House,20932,3,NM,100,"LUJÁN, Ben Ray",L000570,-0.368,0.015
House,21341,1,NM,100,"LUJAN GRISHAM, Michelle",L000580,-0.313,0.047
House,13035,13,NY,100,"RANGEL, Charles B.",R000053,-0.514,-0.341
House,15444,25,NY,100,"SLAUGHTER, Louise McIntosh",S000480,-0.465,-0.10400000000000001
House,15603,16,NY,100,"ENGEL, Eliot Lance",E000179,-0.40800000000000003,-0.093
House,15612,17,NY,100,"LOWEY, Nita M.",L000480,-0.389,-0.152
House,20129,3,NY,100,"ISRAEL, Steve",I000057,-0.334,-0.051000000000000004
House,20338,1,NY,100,"BISHOP, Timothy H.",B001242,-0.338,-0.05
House,20519,26,NY,100,"HIGGINS, Brian",H001038,-0.34800000000000003,-0.034
House,20733,9,NY,100,"CLARKE, Yvette Diane",C001067,-0.61,-0.233
House,20934,20,NY,100,"TONKO, Paul",T000469,-0.418,-0.26
House,20935,24,NY,100,"MAFFEI, Daniel B.",M001171,-0.19,-0.062
House,20957,21,NY,100,"OWENS, William",O000169,-0.182,0.40900000000000003
House,21101,23,NY,200,"REED, Thomas W. II",R000585,0.269,0.12
House,21154,11,NY,200,"GRIMM, Michael G.",G000569,0.219,0.136
House,21156,19,NY,200,"GIBSON, Christopher",G000564,0.203,-0.455
House,21157,22,NY,200,"HANNA, Richard",H001051,0.215,-0.145
House,21342,6,NY,100,"MENG, Grace",M001188,-0.379,-0.222
House,21343,8,NY,100,"JEFFRIES, Hakeem",J000294,-0.489,-0.088
House,21344,18,NY,100,"MALONEY, Sean Patrick",M001185,-0.23900000000000002,0.114
House,21345,27,NY,200,"COLLINS, Chris",C001092,0.357,0.23600000000000002
House,29134,15,NY,100,"SERRANO, José E.",S000248,-0.491,-0.377
House,29375,2,NY,200,"KING, Peter T.",K000210,0.259,-0.03
House,29377,10,NY,100,"NADLER, Jerrold Lewis",N000002,-0.508,-0.496
House,29378,7,NY,100,"VELÁZQUEZ, Nydia M.",V000081,-0.547,-0.34500000000000003
House,29379,12,NY,100,"MALONEY, Carolyn Bosher",M000087,-0.387,-0.28500000000000003
House,29744,4,NY,100,"McCARTHY, Carolyn",M000309,-0.294,-0.04
House,29776,5,NY,100,"MEEKS, Gregory W.",M001137,-0.41400000000000003,-0.07100000000000001
House,29925,14,NY,100,"CROWLEY, Joseph",C001038,-0.41200000000000003,-0.07
House,15092,6,NC,200,"COBLE, Howard",C000556,0.52,-0.081
House,15438,4,NC,100,"PRICE, David Eugene",P000523,-0.343,-0.03
House,20340,1,NC,100,"BUTTERFIELD, George Kenneth, Jr. (G.K.)",B001251,-0.404,0.184
House,20521,5,NC,200,"FOXX, Virginia Ann",F000450,0.625,0.164
House,20522,10,NC,200,"McHENRY, Patrick T.",M001156,0.53,0.128
House,21159,2,NC,200,"ELLMERS, Renee",E000291,0.406,0.338
House,21346,8,NC,200,"HUDSON, Richard",H001067,0.532,0.163
House,21347,9,NC,200,"PITTENGER, Robert",P000606,0.561,0.333
House,21348,11,NC,200,"MEADOWS, Mark",M001187,0.605,-0.201
House,21349,13,NC,200,"HOLDING, George E.B.",H001065,0.604,0.165
House,29383,12,NC,100,"WATT, Melvin L.",W000207,-0.526,-0.155
House,29546,3,NC,200,"JONES, Walter Beaman, Jr.",J000255,0.244,-0.362
House,29746,7,NC,100,"McINTYRE, Mike",M000485,-0.148,0.56
House,21350,1,ND,200,"CRAMER, Kevin",C001096,0.399,0.392
House,15029,9,OH,100,"KAPTUR, Marcia Carolyn (Marcy)",K000009,-0.34800000000000003,0.115
House,20130,12,OH,200,"TIBERI, Patrick (Pat)",T000462,0.386,-0.026000000000000002
House,20342,10,OH,200,"TURNER, Michael R.",T000463,0.274,0.222
House,20343,13,OH,100,"RYAN, Timothy J.",R000577,-0.402,0.20800000000000002
House,20738,4,OH,200,"JORDAN, Jim",J000289,0.717,-0.2
House,20755,5,OH,200,"LATTA, Robert E.",L000566,0.511,0.28200000000000003
House,20941,11,OH,100,"FUDGE, Marcia L.",F000455,-0.581,0.14
House,21162,6,OH,200,"JOHNSON, Bill",J000292,0.425,0.273
House,21163,15,OH,200,"STIVERS, Steve",S001187,0.30000000000000004,0.269
House,21164,16,OH,200,"RENACCI, Jim",R000586,0.387,0.14300000000000002
House,21165,7,OH,200,"GIBBS, Bob",G000563,0.484,0.28400000000000003
House,21351,2,OH,200,"WENSTRUP, Brad",W000815,0.527,0.255
House,21352,3,OH,100,"BEATTY, Joyce",B001281,-0.438,0.04
House,21353,14,OH,200,"JOYCE, David",J000295,0.261,0.275
House,29137,8,OH,200,"BOEHNER, John Andrew",B000589,0.513,0.04
House,29550,1,OH,200,"CHABOT, Steve",C000266,0.542,-0.137
House,20344,4,OK,200,"COLE, Tom",C001053,0.329,0.377
House,21166,5,OK,200,"LANKFORD, James",L000575,0.608,0.17200000000000001
House,21354,1,OK,200,"BRIDENSTINE, Jim",B001283,0.6890000000000001,-0.157
House,21355,2,OK,200,"MULLIN, Markwayne",M001190,0.545,0.246
House,29393,3,OK,200,"LUCAS, Frank D.",L000491,0.366,0.419
House,15410,4,OR,100,"DeFAZIO, Peter Anthony",D000191,-0.427,-0.002
House,20944,5,OR,100,"SCHRADER, Kurt",S001180,-0.182,0.054
House,21198,1,OR,100,"BONAMICI, Suzanne",B001278,-0.394,-0.41300000000000003
House,29588,3,OR,100,"BLUMENAUER, Earl",B000574,-0.427,-0.647
House,29932,2,OR,200,"WALDEN, Greg",W000791,0.333,-0.011
House,20134,9,PA,200,"SHUSTER, William (Bill)",S001154,0.374,0.323
House,20345,6,PA,200,"GERLACH, Jim",G000549,0.221,-0.107
House,20346,18,PA,200,"MURPHY, Timothy",M001151,0.258,0.198
House,20524,8,PA,200,"FITZPATRICK, Michael G.",F000451,0.202,-0.186
House,20525,13,PA,100,"SCHWARTZ, Allyson Y.",S001162,-0.343,-0.008
House,20526,15,PA,200,"DENT, Charles W.",D000604,0.244,-0.085
House,20946,5,PA,200,"THOMPSON, Glenn",T000467,0.323,0.384
House,21167,3,PA,200,"KELLY, Mike",K000376,0.372,0.4
House,21168,7,PA,200,"MEEHAN, Patrick",M001181,0.22,0.076
House,21170,10,PA,200,"MARINO, Thomas A.",M001179,0.352,0.47700000000000004
House,21171,11,PA,200,"BARLETTA, Lou",B001269,0.278,0.393
House,21356,4,PA,200,"PERRY, Scott",P000605,0.674,-0.451
House,21357,12,PA,200,"ROTHFUS, Keith",R000598,0.498,0.044
House,21358,17,PA,100,"CARTWRIGHT, Matt",C001090,-0.356,-0.015
House,29559,2,PA,100,"FATTAH, Chaka",F000043,-0.47200000000000003,-0.054
House,29561,14,PA,100,"DOYLE, Michael F.",D000482,-0.331,0.099
House,29752,16,PA,200,"PITTS, Joseph R.",P000373,0.538,0.012
House,29777,1,PA,100,"BRADY, Robert A.",B001227,-0.484,0.225
House,20136,2,RI,100,"LANGEVIN, James",L000559,-0.375,0.114
House,21172,1,RI,100,"CICILLINE, David N.",C001084,-0.389,-0.262
House,20138,2,SC,200,"WILSON, Addison Graves (Joe)",W000795,0.529,0.151
House,21174,3,SC,200,"DUNCAN, Jeff",D000615,0.7000000000000001,-0.097
House,21175,4,SC,200,"GOWDY, Trey",G000566,0.655,-0.002
House,21176,5,SC,200,"MULVANEY, Mick",M001182,0.75,-0.592
House,21359,7,SC,200,"RICE, Tom",R000597,0.558,-0.217
House,39301,6,SC,100,"CLYBURN, James Enos",C000537,-0.465,0.25
House,21177,1,SD,200,"NOEM, Kristi",N000184,0.398,0.326
House,15019,5,TN,100,"COOPER, James Hayes Shofner",C000754,-0.164,-0.033
House,15455,2,TN,200,"DUNCAN, John J., Jr.",D000533,0.604,-0.47600000000000003
House,20351,7,TN,200,"BLACKBURN, Marsha",B001243,0.628,0.147
House,20748,9,TN,100,"COHEN, Stephen",C001068,-0.398,-0.34
House,20947,1,TN,200,"ROE, David P. (Phil)",R000582,0.486,0.024
House,21178,3,TN,200,"FLEISCHMANN, Chuck",F000459,0.465,0.277
House,21179,4,TN,200,"DESJARLAIS, Scott",D000616,0.579,-0.059000000000000004
House,21180,6,TN,200,"BLACK, Diane",B001273,0.58,0.219
House,21181,8,TN,200,"FINCHER, Stephen Lee",F000458,0.526,0.181
House,15085,6,TX,200,"BARTON, Joe Linus",B000213,0.528,0.047
House,15445,21,TX,200,"SMITH, Lamar Seeligson",S000583,0.425,0.061
House,20139,7,TX,200,"CULBERSON, John",C001048,0.503,0.366
House,20352,5,TX,200,"HENSARLING, Jeb",H001036,0.7030000000000001,0.04
House,20353,19,TX,200,"NEUGEBAUER, Randy",N000182,0.628,0.322
House,20355,26,TX,200,"BURGESS, Michael C.",B001248,0.5750000000000001,-0.20600000000000002
House,20356,31,TX,200,"CARTER, John R.",C001051,0.486,0.5630000000000001
House,20527,1,TX,200,"GOHMERT, Louie",G000552,0.644,-0.406
House,20528,2,TX,200,"POE, Ted",P000592,0.594,-0.029
House,20529,9,TX,100,"GREEN, Al",G000553,-0.44,0.291
House,20530,10,TX,200,"McCAUL, Michael T.",M001157,0.421,0.125
House,20531,11,TX,200,"CONAWAY, K. Michael",C001062,0.593,0.367
House,20532,24,TX,200,"MARCHANT, Kenny",M001158,0.6000000000000001,0.154
House,20533,28,TX,100,"CUELLAR, Henry",C001063,-0.228,0.623
House,20948,22,TX,200,"OLSON, Pete",O000168,0.548,0.308
House,21182,17,TX,200,"FLORES, Bill",F000461,0.5720000000000001,0.293
House,21184,27,TX,200,"FARENTHOLD, Blake",F000460,0.548,0.016
House,21360,14,TX,200,"WEBER, Randy",W000814,0.73,0.025
House,21361,16,TX,100,"O'ROURKE, Beto",O000170,-0.304,-0.331
House,21362,20,TX,100,"CASTRO, Joaquin",C001091,-0.401,-0.05
House,21363,23,TX,100,"GALLEGO, Pete P.",G000572,-0.216,0.378
House,21364,25,TX,200,"WILLIAMS, Roger",W000816,0.588,0.12
House,21365,33,TX,100,"VEASEY, Marc",V000131,-0.402,0.336
House,21366,34,TX,100,"VELA, Filemon",V000132,-0.311,0.40700000000000003
House,29143,3,TX,200,"JOHNSON, Sam",J000174,0.61,0.277
House,29570,36,TX,200,"STOCKMAN, Steve",S000937,0.899,-0.438
House,29571,35,TX,100,"DOGGETT, Lloyd Alton, II",D000399,-0.402,-0.316
House,29572,13,TX,200,"THORNBERRY, William McClellan (Mac)",T000238,0.525,0.313
House,29573,18,TX,100,"JACKSON LEE, Sheila",J000032,-0.46,0.125
House,29759,32,TX,200,"SESSIONS, Pete",S000250,0.591,0.136
House,29760,8,TX,200,"BRADY, Kevin Patrick",B000755,0.52,0.23900000000000002
House,29762,12,TX,200,"GRANGER, Kay",G000377,0.403,0.234
House,29763,15,TX,100,"HINOJOSA, Rubén",H000636,-0.34,0.23500000000000001
House,39304,29,TX,100,"GREEN, Raymond Eugene (Gene)",G000410,-0.324,0.453
House,39305,30,TX,100,"JOHNSON, Eddie Bernice",J000126,-0.485,0.198
House,94828,4,TX,200,"HALL, Ralph Moody",H000067,0.424,0.308
House,20140,4,UT,100,"MATHESON, James David (Jim)",M001142,-0.115,0.546
House,20357,1,UT,200,"BISHOP, Robert (Rob)",B001250,0.537,0.105
House,20949,3,UT,200,"CHAFFETZ, Jason",C001076,0.647,-0.278
House,21367,2,UT,200,"STEWART, Chris",S001192,0.499,0.167
House,20750,1,VT,100,"WELCH, Peter",W000800,-0.40900000000000003,-0.362
House,14869,10,VA,200,"WOLF, Frank Rudolph",W000672,0.28400000000000003,-0.213
House,20143,4,VA,200,"FORBES, J. Randy",F000445,0.40700000000000003,0.218
House,20144,7,VA,200,"CANTOR, Eric",C001046,0.518,0.191
House,20756,1,VA,200,"WITTMAN, Robert J.",W000804,0.444,0.014
House,20952,11,VA,100,"CONNOLLY, Gerald E. (Gerry)",C001078,-0.306,-0.032
House,21185,2,VA,200,"RIGELL, E. Scott",R000589,0.405,-0.084
House,21186,5,VA,200,"HURT, Robert",H001060,0.5680000000000001,0.0
House,21191,9,VA,200,"GRIFFITH, H. Morgan",G000568,0.532,-0.392
House,29149,8,VA,100,"MORAN, James P.",M000933,-0.302,-0.203
House,39307,3,VA,100,"SCOTT, Robert C.",S000185,-0.45,0.014
House,39308,6,VA,200,"GOODLATTE, Robert William",G000289,0.496,-0.002
House,15613,7,WA,100,"McDERMOTT, James A.",M000404,-0.666,-0.197
House,20145,2,WA,100,"LARSEN, Richard Ray (Rick)",L000560,-0.365,0.18
House,20535,5,WA,200,"McMORRIS RODGERS, Cathy",M001159,0.422,0.14100000000000001
House,20536,8,WA,200,"REICHERT, David G.",R000578,0.224,-0.146
House,21187,3,WA,200,"HERRERA BEUTLER, Jaime",H001056,0.336,-0.129
House,21368,6,WA,100,"KILMER, Derek",K000381,-0.309,-0.015
House,21369,10,WA,100,"HECK, Denny",H001064,-0.312,-0.128
House,29580,4,WA,200,"HASTINGS, Richard Norman (Doc)",H000329,0.41600000000000004,0.41100000000000003
House,29768,9,WA,100,"SMITH, Adam",S000510,-0.28700000000000003,-0.165
House,31101,1,WA,100,"DelBENE, Suzan K.",D000617,-0.289,-0.2
House,14448,3,WV,100,"RAHALL, Nick Joe, II",R000011,-0.306,0.45
House,20146,2,WV,200,"CAPITO, Shelley Moore",C001047,0.277,0.129
House,21188,1,WV,200,"McKINLEY, David",M001180,0.30000000000000004,0.178
House,14657,5,WI,200,"SENSENBRENNER, Frank James, Jr.",S000244,0.638,-0.579
House,14675,6,WI,200,"PETRI, Thomas Evert",P000265,0.379,-0.367
House,20537,4,WI,100,"MOORE, Gwendolynne S. (Gwen)",M001160,-0.526,-0.251
House,21189,7,WI,200,"DUFFY, Sean",D000614,0.511,-0.109
House,21190,8,WI,200,"RIBBLE, Reid",R000587,0.603,-0.333
House,21370,2,WI,100,"POCAN, Mark",P000607,-0.531,-0.552
House,29769,3,WI,100,"KIND, Ron",K000188,-0.26,-0.08
House,29939,1,WI,200,"RYAN, Paul D.",R000570,0.556,-0.25
House,20953,1,WY,200,"LUMMIS, Cynthia M.",L000571,0.6910000000000001,-0.34
